destination,name,category,lat,lng,description,photo_url,source
Thailand,Grand Palace,spot,13.7500,100.4913,"Royal complex in Bangkok housing the revered Emerald Buddha temple.",,editorial
Thailand,Wat Pho,spot,13.7465,100.4927,"Home of the giant reclining Buddha and traditional Thai massage.",,editorial
Thailand,Wat Arun,spot,13.7437,100.4889,"Riverside temple with a porcelain-tiled spire best seen at sunset.",,editorial
Thailand,Chatuchak Weekend Market,shopping,13.7999,100.5502,"Sprawling weekend market with thousands of stalls selling almost everything.",,editorial
Thailand,ICONSIAM,shopping,13.7264,100.5100,"Riverside luxury mall with an indoor floating market food hall.",,editorial
Thailand,Terminal 21 Asok,shopping,13.7376,100.5601,"Airport-themed mall where each floor imitates a different world city.",,editorial
Thailand,Jodd Fairs Rama 9,food,13.7554,100.5658,"Night market famous for volcano pork ribs and cheap seafood.",,editorial
Thailand,Yaowarat Chinatown,food,13.7398,100.5090,"Bangkok's Chinatown street-food strip, busiest and best after dark.",,editorial
Thailand,Suvarnabhumi Airport,transport,13.6900,100.7501,"Bangkok's main international airport, linked to the city by Airport Rail Link.",,editorial
Thailand,Hua Lamphong Station,transport,13.7376,100.5170,"Historic Bangkok rail terminus, now a heritage hub beside the MRT.",,editorial
Thailand,Asiatique The Riverfront,shopping,13.7047,100.5029,"Open-air riverside night market with a Ferris wheel and restaurants.",,editorial
Thailand,Wat Phra That Doi Suthep,spot,18.8047,98.9217,"Golden mountain temple above Chiang Mai with sweeping valley views.",,editorial
Thailand,Nimman Road,food,18.7967,98.9670,"Chiang Mai's cafe and dining street, popular with digital nomads.",,editorial
Thailand,Patong Beach,spot,7.8965,98.2960,"Phuket's busiest beach, lined with water sports, bars and hotels.",,editorial
Thailand,Ayutthaya Historical Park,spot,14.3567,100.5340,"UNESCO ruins of Siam's old capital, an easy day trip north.",,editorial
Vietnam,Hoan Kiem Lake,spot,21.0287,105.8524,"Hanoi's central lake with Ngoc Son Temple on a small island.",,editorial
Vietnam,Ho Chi Minh Mausoleum,spot,21.0367,105.8347,"Solemn granite memorial in Ba Dinh Square, strict dress code applies.",,editorial
Vietnam,Ben Thanh Market,shopping,10.7724,106.6980,"Landmark Saigon market for souvenirs, fabric, coffee and street snacks.",,editorial
Vietnam,War Remnants Museum,spot,10.7797,106.6923,"Ho Chi Minh City museum documenting the war through photos and vehicles.",,editorial
Vietnam,Bui Vien Walking Street,food,10.7670,106.6930,"Backpacker street alive each night with cheap beer and grilled food.",,editorial
Vietnam,Tan Son Nhat Airport,transport,10.8188,106.6520,"Ho Chi Minh City's international airport, about seven kilometres from downtown.",,editorial
Vietnam,Ha Long Bay,spot,20.9101,107.1839,"Emerald bay of limestone karsts, usually visited on an overnight cruise.",,editorial
Vietnam,Hoi An Ancient Town,spot,15.8801,108.3260,"Lantern-lit trading port, walkable old quarter and fast tailor shops.",,editorial
Vietnam,Golden Bridge Ba Na Hills,spot,15.9955,107.9966,"Hilltop walkway held by giant stone hands above Da Nang.",,editorial
Vietnam,Noi Bai Airport,transport,21.2212,105.8072,"Hanoi's international airport, roughly forty minutes from the Old Quarter.",,editorial
Singapore,Marina Bay Sands SkyPark,spot,1.2834,103.8607,"Rooftop observation deck over the bay, the city's signature skyline view.",,editorial
Singapore,Gardens by the Bay,spot,1.2816,103.8636,"Supertree grove and cooled domes, free light show every evening.",,editorial
Singapore,Merlion Park,spot,1.2868,103.8545,"Waterfront statue of Singapore's lion-fish mascot facing Marina Bay.",,editorial
Singapore,Sentosa Island,spot,1.2494,103.8303,"Resort island with beaches, Universal Studios and cable car access.",,editorial
Singapore,Orchard Road,shopping,1.3040,103.8318,"Singapore's main shopping boulevard, malls stacked end to end.",,editorial
Singapore,Maxwell Food Centre,food,1.2805,103.8449,"Classic hawker centre in Chinatown, famous for Hainanese chicken rice.",,editorial
Singapore,Jewel Changi Airport,transport,1.3606,103.9899,"Airport mall with the world's tallest indoor waterfall and gardens.",,editorial
Singapore,Bugis Street,shopping,1.3006,103.8559,"Budget street market for clothes, accessories and quick local snacks.",,editorial
Malaysia,Petronas Twin Towers,spot,3.1578,101.7117,"Kuala Lumpur's twin skyscrapers with a skybridge and observation deck.",,editorial
Malaysia,Batu Caves,spot,3.2379,101.6840,"Limestone cave temple reached by 272 brightly painted steps.",,editorial
Malaysia,Jalan Alor,food,3.1450,101.7080,"Kuala Lumpur's night food street of grilled seafood and satay.",,editorial
Malaysia,Pavilion Bukit Bintang,shopping,3.1488,101.7133,"Central Kuala Lumpur mall anchoring the Bukit Bintang shopping district.",,editorial
Malaysia,Kuala Lumpur International Airport,transport,2.7456,101.7099,"Malaysia's main airport, connected to the city by the KLIA Ekspres.",,editorial
Malaysia,Central Market Kuala Lumpur,shopping,3.1457,101.6958,"Art deco hall selling batik, handicrafts and Malaysian souvenirs.",,editorial
Malaysia,Armenian Street George Town,spot,5.4171,100.3369,"Penang heritage lane known for its painted street-art murals.",,editorial
Japan,Sensoji Temple,spot,35.7148,139.7967,"Tokyo's oldest temple in Asakusa, approached through Nakamise shopping lane.",,editorial
Japan,Shibuya Crossing,spot,35.6595,139.7005,"The world's busiest pedestrian scramble, best watched from above.",,editorial
Japan,Tsukiji Outer Market,food,35.6654,139.7707,"Tokyo market lanes serving fresh sushi, tamagoyaki and seafood skewers.",,editorial
Japan,Fushimi Inari Taisha,spot,34.9671,135.7727,"Kyoto shrine with thousands of vermilion torii gates up the hillside.",,editorial
Japan,Dotonbori,food,34.6687,135.5013,"Osaka's neon canal street, home of takoyaki and okonomiyaki.",,editorial
South Korea,Gyeongbokgung Palace,spot,37.5796,126.9770,"Seoul's main Joseon palace with a daily guard-changing ceremony.",,editorial
South Korea,Myeongdong Shopping Street,shopping,37.5636,126.9827,"Seoul's cosmetics and fashion district, packed with street food carts.",,editorial
South Korea,N Seoul Tower,spot,37.5512,126.9882,"Namsan mountain tower with panoramic city views and love locks.",,editorial
South Korea,Gwangjang Market,food,37.5700,126.9997,"Historic Seoul market known for bindaetteok pancakes and knife-cut noodles.",,editorial
South Korea,Incheon International Airport,transport,37.4491,126.4506,"Korea's main gateway, about an hour from central Seoul by train.",,editorial
China,Canton Tower,spot,23.1066,113.3245,"Guangzhou's twisting observation tower, best at dusk over the Pearl River.",,editorial
China,Shamian Island,spot,23.1069,113.2419,"Quiet colonial-era island of shaded avenues, cafes and old consulates.",,editorial
China,Chen Clan Ancestral Hall,spot,23.1290,113.2426,"Qing-dynasty complex of carved timber and ceramic roof ridges, now a folk art museum.",,editorial
China,Yuexiu Park,spot,23.1400,113.2640,"Guangzhou's largest central park, with the Five Rams statue and city museum.",,editorial
China,Beijing Road Pedestrian Street,shopping,23.1250,113.2680,"Busy Guangzhou shopping street built over excavated Song-dynasty roadway.",,editorial
China,Shangxiajiu Pedestrian Street,shopping,23.1189,113.2450,"Arcaded Guangzhou street of clothing stalls, snack shops and old teahouses.",,editorial
China,Enning Road,food,23.1180,113.2380,"Old Xiguan lane known for double-skin milk, wonton noodles and Cantonese snacks.",,editorial
China,Guangzhou Baiyun International Airport,transport,23.3924,113.2988,"Guangzhou's international airport, the usual first landing from Phnom Penh.",,editorial
China,Guangzhou South Railway Station,transport,22.9889,113.2686,"High-speed rail hub for Shenzhen, Hong Kong, Shanghai and Beijing.",,editorial
China,Tianhe District,stay,23.1247,113.3610,"Guangzhou's modern centre — metro on the doorstep, malls and business hotels.",,editorial
China,The Bund,spot,31.2397,121.4903,"Shanghai's riverside promenade, colonial banks on one side and Pudong towers on the other.",,editorial
China,Yu Garden,spot,31.2270,121.4920,"Ming-dynasty walled garden of rockeries and ponds, beside a busy bazaar.",,editorial
China,Oriental Pearl Tower,spot,31.2397,121.4998,"Pudong's landmark tower with a glass floor above the Huangpu River.",,editorial
China,Nanjing Road,shopping,31.2354,121.4750,"Shanghai's main shopping street, pedestrianised from People's Square to the Bund.",,editorial
China,Qibao Ancient Town,food,31.1520,121.3520,"Canal-side Shanghai old town packed with street-food stalls and snack shops.",,editorial
China,Shanghai Pudong International Airport,transport,31.1443,121.8083,"Shanghai's main international airport, linked to the city by maglev and metro.",,editorial
China,Forbidden City,spot,39.9163,116.3972,"Beijing's imperial palace complex — book entry online, it sells out days ahead.",,editorial
China,Temple of Heaven,spot,39.8822,116.4066,"Ming-dynasty ritual complex set in a park where locals practise tai chi at dawn.",,editorial
China,Mutianyu Great Wall,spot,40.4319,116.5704,"Restored, less crowded stretch of the Great Wall about two hours from Beijing.",,editorial
China,Wangfujing Street,shopping,39.9150,116.4108,"Beijing's best-known shopping street, walking distance from the Forbidden City.",,editorial
China,Beijing Capital International Airport,transport,40.0799,116.6031,"Beijing's older international airport, on the Airport Express metro line.",,editorial
China,Dongmen Pedestrian Street,shopping,22.5450,114.1200,"Shenzhen's oldest shopping quarter, cheap clothing and electronics.",,editorial
China,Shenzhen Bao'an International Airport,transport,22.6393,113.8107,"Shenzhen's airport, a common connection point for southern China.",,editorial
China,Chengdu Research Base of Giant Panda Breeding,spot,30.7333,104.1500,"Go at opening time — the pandas are active early and asleep by midday.",,editorial
China,Jinli Ancient Street,food,30.6420,104.0430,"Chengdu lane of Sichuan street food, tea houses and evening lanterns.",,editorial
Thailand,Bang Krachao,spot,0,0,"A green river peninsula across from Bangkok, reached by ferry and best seen by bicycle.",,editorial
Vietnam,42 Nguyen Hue,spot,10.7738,106.7040,"A 1960s Saigon apartment block whose flats are now small cafes, one per balcony.",,editorial
Vietnam,Marble Mountains,spot,0,0,"Limestone and marble hills south of Da Nang, with cave shrines and lookout steps.",,editorial
Vietnam,Hai Van Pass,spot,0,0,"The coastal mountain pass between Da Nang and Hue, usually ridden or driven for the views.",,editorial
Singapore,Mustafa Centre,shopping,0,0,"A 24-hour Little India department store known for electronics, gold and groceries.",,editorial
Singapore,Pulau Ubin,spot,0,0,"An undeveloped island off the north-east coast, reached by bumboat from Changi Point.",,editorial
South Korea,Ihwa Mural Village,spot,0,0,"A hillside Seoul neighbourhood painted with murals and stairways, still residential.",,editorial
Japan,Yanaka Ginza,shopping,0,0,"An old-Tokyo shopping street of small independent shops and street-food stalls.",,editorial
Japan,Todoroki Valley,spot,0,0,"A short wooded ravine walk inside Tokyo, following a stream below street level.",,editorial
Malaysia,Kampung Baru,spot,3.1636,101.7017,"A Malay village quarter inside central Kuala Lumpur, busiest for its morning market.",,editorial
Vietnam,Independence Palace,spot,10.7772,106.6958,"The 1960s presidential palace, kept as it was left in 1975, war bunker included.",,editorial
Vietnam,Notre-Dame Cathedral Saigon,spot,10.7797,106.6990,"French-built brick cathedral on the old central square; check restoration works before going.",,editorial
Vietnam,Saigon Central Post Office,spot,10.7799,106.6996,"A working colonial post office with a vaulted hall and hand-painted wall maps.",,editorial
Vietnam,Bitexco Financial Tower,spot,10.7717,106.7043,"Saigon Skydeck on the 49th floor, looking down the bend of the river.",,editorial
Vietnam,Nguyen Hue Walking Street,spot,10.7743,106.7038,"Wide pedestrian boulevard up to the old city hall, at its busiest after dark.",,editorial
Vietnam,Jade Emperor Pagoda,spot,10.7920,106.6926,"Dim, incense-thick Taoist temple with carved wood panels, north of District 1.",,editorial
Vietnam,Tan Dinh Church,spot,10.7897,106.6906,"The pink church on Hai Ba Trung; the photograph is from across the road.",,editorial
Vietnam,Landmark 81 SkyView,spot,10.7950,106.7218,"Vietnam's tallest tower, with an observation deck over the river and the city.",,editorial
Vietnam,Cu Chi Tunnels,spot,11.1425,106.4640,"The wartime tunnel network north-west of the city, a half-day trip each way.",,editorial
Vietnam,Binh Tay Market,shopping,10.7500,106.6503,"Cholon's wholesale market hall, the centre of Saigon's Chinatown.",,editorial
Vietnam,Thien Hau Temple,spot,10.7533,106.6580,"Cantonese sea-goddess temple in Cholon, hung with slow-burning incense coils.",,editorial
Vietnam,Saigon Opera House,spot,10.7770,106.7030,"French colonial theatre on Dong Khoi, still staging the AO Show most nights.",,editorial
Vietnam,Museum of Vietnamese History,spot,10.7880,106.7045,"Cham sculpture and dynastic collections, next to the zoo and botanical garden.",,editorial
Vietnam,Saigon Railway Station,transport,10.7823,106.6775,"Ga Sai Gon, terminus of the Reunification line running north to Hanoi.",,editorial
Malaysia,KL Tower,spot,3.1528,101.7038,"Menara KL, whose deck sits higher than the Petronas skybridge and is easier to book.",,editorial
Malaysia,Merdeka Square,spot,3.1478,101.6935,"The colonial padang where independence was declared in 1957.",,editorial
Malaysia,Sultan Abdul Samad Building,spot,3.1489,101.6944,"Moorish-style clocktower facing Merdeka Square, floodlit after dark.",,editorial
Malaysia,Masjid Jamek,spot,3.1489,101.6958,"The old mosque at the river confluence; robes are lent free at the gate.",,editorial
Malaysia,Petaling Street,shopping,3.1436,101.6980,"Chinatown's covered market street — bargaining expected, counterfeits everywhere.",,editorial
Malaysia,Sri Mahamariamman Temple,spot,3.1436,101.6963,"KL's oldest Hindu temple, its gateway tower crowded with painted figures.",,editorial
Malaysia,National Mosque of Malaysia,spot,3.1420,101.6917,"Masjid Negara, a 1960s modernist mosque under a folded blue roof.",,editorial
Malaysia,Islamic Arts Museum Malaysia,spot,3.1418,101.6893,"Manuscripts, textiles and architectural models, beside the Lake Gardens.",,editorial
Malaysia,Perdana Botanical Garden,spot,3.1425,101.6869,"The Lake Gardens, the city's oldest park, with the bird park inside it.",,editorial
Malaysia,KL Bird Park,spot,3.1435,101.6869,"Walk-through aviary in the Lake Gardens, billed as the world's largest.",,editorial
Malaysia,Thean Hou Temple,spot,3.1220,101.6870,"Six-tiered Chinese temple on a hill south of the centre, hung with lanterns.",,editorial
Malaysia,Chow Kit Market,food,3.1633,101.6980,"KL's largest wet market, north of the centre and busiest early morning.",,editorial
Malaysia,KL Sentral,transport,3.1343,101.6865,"The main rail interchange and the KLIA Ekspres city terminus.",,editorial
Malaysia,Suria KLCC,shopping,3.1580,101.7118,"The mall under the Petronas Towers, sitting on top of the LRT station.",,editorial
Malaysia,Putra Mosque Putrajaya,spot,2.9364,101.6890,"The pink lakeside mosque at Putrajaya, an easy half-day out of the city.",,editorial
